{"f1_score": 0.9407333327710596, "precision": 0.9429111612507189, "recall": 0.9395085066162571}